<?xml version="1.0" encoding="utf-8"?>
<!--
- phpMyAdmin XML Dump
- version 4.0.10deb1
- http://www.phpmyadmin.net
-
- Host: localhost
- Generation Time: May 24, 2014 at 12:30 AM
- Server version: 5.5.37-0ubuntu0.14.04.1
- PHP Version: 5.5.9-1ubuntu4
-->

<pma_xml_export version="1.0" xmlns:pma="http://www.phpmyadmin.net/some_doc_url/">
    <!--
    - Structure schemas
    -->
    <pma:structure_schemas>
        <pma:database name="test" collation="latin1_swedish_ci" charset="latin1">
            <pma:table name="email_disposable">
                CREATE TABLE `email_disposable` (
                  `id` int(10) unsigned NOT NULL AUTO_INCREMENT,
                  `domain` varchar(255) DEFAULT NULL,
                  PRIMARY KEY (`id`)
                ) ENGINE=InnoDB AUTO_INCREMENT=310 DEFAULT CHARSET=utf8;
            </pma:table>
        </pma:database>
    </pma:structure_schemas>

    <!--
    - Database: 'test'
    -->
    <database name="test">
        <!-- Table email_disposable -->
        <table name="email_disposable">
            <column name="id">1</column>
            <column name="domain">0815.ru0clickemail.com</column>
        </table>
        <table name="email_disposable">
            <column name="id">2</column>
            <column name="domain">0-mail.com</column>
        </table>
        <table name="email_disposable">
            <column name="id">3</column>
            <column name="domain">0wnd.net</column>
        </table>
        <table name="email_disposable">
            <column name="id">4</column>
            <column name="domain">0wnd.org</column>
        </table>
        <table name="email_disposable">
            <column name="id">5</column>
            <column name="domain">10minutemail.com</column>
        </table>
        <table name="email_disposable">
            <column name="id">6</column>
            <column name="domain">20minutemail.com</column>
        </table>
        <table name="email_disposable">
            <column name="id">7</column>
            <column name="domain">2prong.com</column>
        </table>
        <table name="email_disposable">
            <column name="id">8</column>
            <column name="domain">3d-painting.com</column>
        </table>
        <table name="email_disposable">
            <column name="id">9</column>
            <column name="domain">4warding.com</column>
        </table>
        <table name="email_disposable">
            <column name="id">10</column>
            <column name="domain">4warding.net</column>
        </table>
        <table name="email_disposable">
            <column name="id">11</column>
            <column name="domain">4warding.org</column>
        </table>
        <table name="email_disposable">
            <column name="id">12</column>
            <column name="domain">9ox.net</column>
        </table>
        <table name="email_disposable">
            <column name="id">13</column>
            <column name="domain">a-bc.net</column>
        </table>
        <table name="email_disposable">
            <column name="id">14</column>
            <column name="domain">ag.us.to</column>
        </table>
        <table name="email_disposable">
            <column name="id">15</column>
            <column name="domain">amilegit.com</column>
        </table>
        <table name="email_disposable">
            <column name="id">16</column>
            <column name="domain">anonbox.net</column>
        </table>
        <table name="email_disposable">
            <column name="id">17</column>
            <column name="domain">anonymbox.com</column>
        </table>
        <table name="email_disposable">
            <column name="id">18</column>
            <column name="domain">antichef.com</column>
        </table>
        <table name="email_disposable">
            <column name="id">19</column>
            <column name="domain">antichef.net</column>
        </table>
        <table name="email_disposable">
            <column name="id">20</column>
            <column name="domain">antispam.de</column>
        </table>
        <table name="email_disposable">
            <column name="id">21</column>
            <column name="domain">baxomale.ht.cx</column>
        </table>
        <table name="email_disposable">
            <column name="id">22</column>
            <column name="domain">beefmilk.com</column>
        </table>
        <table name="email_disposable">
            <column name="id">23</column>
            <column name="domain">binkmail.com</column>
        </table>
        <table name="email_disposable">
            <column name="id">24</column>
            <column name="domain">bio-muesli.net</column>
        </table>
        <table name="email_disposable">
            <column name="id">25</column>
            <column name="domain">bobmail.info</column>
        </table>
        <table name="email_disposable">
            <column name="id">26</column>
            <column name="domain">bodhi.lawlita.com</column>
        </table>
        <table name="email_disposable">
            <column name="id">27</column>
            <column name="domain">bofthew.com</column>
        </table>
        <table name="email_disposable">
            <column name="id">28</column>
            <column name="domain">brefmail.com</column>
        </table>
        <table name="email_disposable">
            <column name="id">29</column>
            <column name="domain">bsnow.net</column>
        </table>
        <table name="email_disposable">
            <column name="id">30</column>
            <column name="domain">bugmenot.com</column>
        </table>
        <table name="email_disposable">
            <column name="id">31</column>
            <column name="domain">bumpymail.com</column>
        </table>
        <table name="email_disposable">
            <column name="id">32</column>
            <column name="domain">casualdx.com</column>
        </table>
        <table name="email_disposable">
            <column name="id">33</column>
            <column name="domain">chogmail.com</column>
        </table>
        <table name="email_disposable">
            <column name="id">34</column>
            <column name="domain">cool.fr.nf</column>
        </table>
        <table name="email_disposable">
            <column name="id">35</column>
            <column name="domain">correo.blogos.net</column>
        </table>
        <table name="email_disposable">
            <column name="id">36</column>
            <column name="domain">cosmorph.com</column>
        </table>
        <table name="email_disposable">
            <column name="id">37</column>
            <column name="domain">courriel.fr.nf</column>
        </table>
        <table name="email_disposable">
            <column name="id">38</column>
            <column name="domain">courrieltemporaire.com</column>
        </table>
        <table name="email_disposable">
            <column name="id">39</column>
            <column name="domain">curryworld.de</column>
        </table>
        <table name="email_disposable">
            <column name="id">40</column>
            <column name="domain">cust.in</column>
        </table>
        <table name="email_disposable">
            <column name="id">41</column>
            <column name="domain">dacoolest.com</column>
        </table>
        <table name="email_disposable">
            <column name="id">42</column>
            <column name="domain">dandikmail.com</column>
        </table>
        <table name="email_disposable">
            <column name="id">43</column>
            <column name="domain">deadaddress.com</column>
        </table>
        <table name="email_disposable">
            <column name="id">44</column>
            <column name="domain">despam.it</column>
        </table>
        <table name="email_disposable">
            <column name="id">45</column>
            <column name="domain">despam.it</column>
        </table>
        <table name="email_disposable">
            <column name="id">46</column>
            <column name="domain">devnullmail.com</column>
        </table>
        <table name="email_disposable">
            <column name="id">47</column>
            <column name="domain">dfgh.net</column>
        </table>
        <table name="email_disposable">
            <column name="id">48</column>
            <column name="domain">digitalsanctuary.com</column>
        </table>
        <table name="email_disposable">
            <column name="id">49</column>
            <column name="domain">discardmail.com</column>
        </table>
        <table name="email_disposable">
            <column name="id">50</column>
            <column name="domain">discardmail.de</column>
        </table>
        <table name="email_disposable">
            <column name="id">51</column>
            <column name="domain">disposableaddress.com</column>
        </table>
        <table name="email_disposable">
            <column name="id">52</column>
            <column name="domain">disposeamail.com</column>
        </table>
        <table name="email_disposable">
            <column name="id">53</column>
            <column name="domain">disposemail.com</column>
        </table>
        <table name="email_disposable">
            <column name="id">54</column>
            <column name="domain">dispostable.com</column>
        </table>
        <table name="email_disposable">
            <column name="id">55</column>
            <column name="domain">dm.w3internet.co.ukexample.com</column>
        </table>
        <table name="email_disposable">
            <column name="id">56</column>
            <column name="domain">dodgeit.com</column>
        </table>
        <table name="email_disposable">
            <column name="id">57</column>
            <column name="domain">dodgit.com</column>
        </table>
        <table name="email_disposable">
            <column name="id">58</column>
            <column name="domain">dodgit.org</column>
        </table>
        <table name="email_disposable">
            <column name="id">59</column>
            <column name="domain">dontreg.com</column>
        </table>
        <table name="email_disposable">
            <column name="id">60</column>
            <column name="domain">dontsendmespam.de</column>
        </table>
        <table name="email_disposable">
            <column name="id">61</column>
            <column name="domain">dump-email.info</column>
        </table>
        <table name="email_disposable">
            <column name="id">62</column>
            <column name="domain">dumpyemail.com</column>
        </table>
        <table name="email_disposable">
            <column name="id">63</column>
            <column name="domain">e4ward.com</column>
        </table>
        <table name="email_disposable">
            <column name="id">64</column>
            <column name="domain">email60.com</column>
        </table>
        <table name="email_disposable">
            <column name="id">65</column>
            <column name="domain">emailias.com</column>
        </table>
        <table name="email_disposable">
            <column name="id">66</column>
            <column name="domain">emailias.com</column>
        </table>
        <table name="email_disposable">
            <column name="id">67</column>
            <column name="domain">emailinfive.com</column>
        </table>
        <table name="email_disposable">
            <column name="id">68</column>
            <column name="domain">emailmiser.com</column>
        </table>
        <table name="email_disposable">
            <column name="id">69</column>
            <column name="domain">emailtemporario.com.br</column>
        </table>
        <table name="email_disposable">
            <column name="id">70</column>
            <column name="domain">emailwarden.com</column>
        </table>
        <table name="email_disposable">
            <column name="id">71</column>
            <column name="domain">enterto.com</column>
        </table>
        <table name="email_disposable">
            <column name="id">72</column>
            <column name="domain">ephemail.net</column>
        </table>
        <table name="email_disposable">
            <column name="id">73</column>
            <column name="domain">explodemail.com</column>
        </table>
        <table name="email_disposable">
            <column name="id">74</column>
            <column name="domain">fakeinbox.com</column>
        </table>
        <table name="email_disposable">
            <column name="id">75</column>
            <column name="domain">fakeinformation.com</column>
        </table>
        <table name="email_disposable">
            <column name="id">76</column>
            <column name="domain">fansworldwide.de</column>
        </table>
        <table name="email_disposable">
            <column name="id">77</column>
            <column name="domain">fastacura.com</column>
        </table>
        <table name="email_disposable">
            <column name="id">78</column>
            <column name="domain">filzmail.com</column>
        </table>
        <table name="email_disposable">
            <column name="id">79</column>
            <column name="domain">fixmail.tk</column>
        </table>
        <table name="email_disposable">
            <column name="id">80</column>
            <column name="domain">fizmail.com</column>
        </table>
        <table name="email_disposable">
            <column name="id">81</column>
            <column name="domain">frapmail.com</column>
        </table>
        <table name="email_disposable">
            <column name="id">82</column>
            <column name="domain">garliclife.com</column>
        </table>
        <table name="email_disposable">
            <column name="id">83</column>
            <column name="domain">gelitik.in</column>
        </table>
        <table name="email_disposable">
            <column name="id">84</column>
            <column name="domain">get1mail.com</column>
        </table>
        <table name="email_disposable">
            <column name="id">85</column>
            <column name="domain">getonemail.com</column>
        </table>
        <table name="email_disposable">
            <column name="id">86</column>
            <column name="domain">getonemail.net</column>
        </table>
        <table name="email_disposable">
            <column name="id">87</column>
            <column name="domain">girlsundertheinfluence.com</column>
        </table>
        <table name="email_disposable">
            <column name="id">88</column>
            <column name="domain">gishpuppy.com</column>
        </table>
        <table name="email_disposable">
            <column name="id">89</column>
            <column name="domain">goemailgo.com</column>
        </table>
        <table name="email_disposable">
            <column name="id">90</column>
            <column name="domain">great-host.in</column>
        </table>
        <table name="email_disposable">
            <column name="id">91</column>
            <column name="domain">greensloth.com</column>
        </table>
        <table name="email_disposable">
            <column name="id">92</column>
            <column name="domain">greensloth.com</column>
        </table>
        <table name="email_disposable">
            <column name="id">93</column>
            <column name="domain">gsrv.co.uk</column>
        </table>
        <table name="email_disposable">
            <column name="id">94</column>
            <column name="domain">guerillamail.biz</column>
        </table>
        <table name="email_disposable">
            <column name="id">95</column>
            <column name="domain">guerillamail.com</column>
        </table>
        <table name="email_disposable">
            <column name="id">96</column>
            <column name="domain">guerillamail.net</column>
        </table>
        <table name="email_disposable">
            <column name="id">97</column>
            <column name="domain">guerillamail.org</column>
        </table>
        <table name="email_disposable">
            <column name="id">98</column>
            <column name="domain">guerrillamail.biz</column>
        </table>
        <table name="email_disposable">
            <column name="id">99</column>
            <column name="domain">guerrillamail.com</column>
        </table>
        <table name="email_disposable">
            <column name="id">100</column>
            <column name="domain">guerrillamail.de</column>
        </table>
        <table name="email_disposable">
            <column name="id">101</column>
            <column name="domain">guerrillamail.net</column>
        </table>
        <table name="email_disposable">
            <column name="id">102</column>
            <column name="domain">guerrillamail.org</column>
        </table>
        <table name="email_disposable">
            <column name="id">103</column>
            <column name="domain">guerrillamailblock.com</column>
        </table>
        <table name="email_disposable">
            <column name="id">104</column>
            <column name="domain">haltospam.com</column>
        </table>
        <table name="email_disposable">
            <column name="id">105</column>
            <column name="domain">hidzz.com</column>
        </table>
        <table name="email_disposable">
            <column name="id">106</column>
            <column name="domain">hotpop.com</column>
        </table>
        <table name="email_disposable">
            <column name="id">107</column>
            <column name="domain">ieatspam.eu</column>
        </table>
        <table name="email_disposable">
            <column name="id">108</column>
            <column name="domain">ieatspam.info</column>
        </table>
        <table name="email_disposable">
            <column name="id">109</column>
            <column name="domain">ihateyoualot.info</column>
        </table>
        <table name="email_disposable">
            <column name="id">110</column>
            <column name="domain">imails.info</column>
        </table>
        <table name="email_disposable">
            <column name="id">111</column>
            <column name="domain">inboxclean.com</column>
        </table>
        <table name="email_disposable">
            <column name="id">112</column>
            <column name="domain">inboxclean.org</column>
        </table>
        <table name="email_disposable">
            <column name="id">113</column>
            <column name="domain">incognitomail.com</column>
        </table>
        <table name="email_disposable">
            <column name="id">114</column>
            <column name="domain">incognitomail.net</column>
        </table>
        <table name="email_disposable">
            <column name="id">115</column>
            <column name="domain">ipoo.org</column>
        </table>
        <table name="email_disposable">
            <column name="id">116</column>
            <column name="domain">irish2me.com</column>
        </table>
        <table name="email_disposable">
            <column name="id">117</column>
            <column name="domain">jetable.com</column>
        </table>
        <table name="email_disposable">
            <column name="id">118</column>
            <column name="domain">jetable.fr.nf</column>
        </table>
        <table name="email_disposable">
            <column name="id">119</column>
            <column name="domain">jetable.net</column>
        </table>
        <table name="email_disposable">
            <column name="id">120</column>
            <column name="domain">jetable.org</column>
        </table>
        <table name="email_disposable">
            <column name="id">121</column>
            <column name="domain">jnxjn.com</column>
        </table>
        <table name="email_disposable">
            <column name="id">122</column>
            <column name="domain">junk1e.com</column>
        </table>
        <table name="email_disposable">
            <column name="id">123</column>
            <column name="domain">kasmail.com</column>
        </table>
        <table name="email_disposable">
            <column name="id">124</column>
            <column name="domain">kaspop.com</column>
        </table>
        <table name="email_disposable">
            <column name="id">125</column>
            <column name="domain">klzlk.com</column>
        </table>
        <table name="email_disposable">
            <column name="id">126</column>
            <column name="domain">kulturbetrieb.info</column>
        </table>
        <table name="email_disposable">
            <column name="id">127</column>
            <column name="domain">kurzepost.de</column>
        </table>
        <table name="email_disposable">
            <column name="id">128</column>
            <column name="domain">kurzepost.de</column>
        </table>
        <table name="email_disposable">
            <column name="id">129</column>
            <column name="domain">lifebyfood.com</column>
        </table>
        <table name="email_disposable">
            <column name="id">130</column>
            <column name="domain">link2mail.net</column>
        </table>
        <table name="email_disposable">
            <column name="id">131</column>
            <column name="domain">litedrop.com</column>
        </table>
        <table name="email_disposable">
            <column name="id">132</column>
            <column name="domain">lookugly.com</column>
        </table>
        <table name="email_disposable">
            <column name="id">133</column>
            <column name="domain">lopl.co.cc</column>
        </table>
        <table name="email_disposable">
            <column name="id">134</column>
            <column name="domain">lr78.com</column>
        </table>
        <table name="email_disposable">
            <column name="id">135</column>
            <column name="domain">maboard.com</column>
        </table>
        <table name="email_disposable">
            <column name="id">136</column>
            <column name="domain">mail.by</column>
        </table>
        <table name="email_disposable">
            <column name="id">137</column>
            <column name="domain">mail.mezimages.net</column>
        </table>
        <table name="email_disposable">
            <column name="id">138</column>
            <column name="domain">mail4trash.com</column>
        </table>
        <table name="email_disposable">
            <column name="id">139</column>
            <column name="domain">mailbidon.com</column>
        </table>
        <table name="email_disposable">
            <column name="id">140</column>
            <column name="domain">mailcatch.com</column>
        </table>
        <table name="email_disposable">
            <column name="id">141</column>
            <column name="domain">maileater.com</column>
        </table>
        <table name="email_disposable">
            <column name="id">142</column>
            <column name="domain">mailexpire.com</column>
        </table>
        <table name="email_disposable">
            <column name="id">143</column>
            <column name="domain">mailin8r.com</column>
        </table>
        <table name="email_disposable">
            <column name="id">144</column>
            <column name="domain">mailinator.com</column>
        </table>
        <table name="email_disposable">
            <column name="id">145</column>
            <column name="domain">mailinator.net</column>
        </table>
        <table name="email_disposable">
            <column name="id">146</column>
            <column name="domain">mailinator2.com</column>
        </table>
        <table name="email_disposable">
            <column name="id">147</column>
            <column name="domain">mailincubator.com</column>
        </table>
        <table name="email_disposable">
            <column name="id">148</column>
            <column name="domain">mailme.lv</column>
        </table>
        <table name="email_disposable">
            <column name="id">149</column>
            <column name="domain">mailmetrash.com</column>
        </table>
        <table name="email_disposable">
            <column name="id">150</column>
            <column name="domain">mailmoat.com</column>
        </table>
        <table name="email_disposable">
            <column name="id">151</column>
            <column name="domain">mailnator.com</column>
        </table>
        <table name="email_disposable">
            <column name="id">152</column>
            <column name="domain">mailnull.com</column>
        </table>
        <table name="email_disposable">
            <column name="id">153</column>
            <column name="domain">mailzilla.org</column>
        </table>
        <table name="email_disposable">
            <column name="id">154</column>
            <column name="domain">mbx.cc</column>
        </table>
        <table name="email_disposable">
            <column name="id">155</column>
            <column name="domain">mega.zik.dj</column>
        </table>
        <table name="email_disposable">
            <column name="id">156</column>
            <column name="domain">meltmail.com</column>
        </table>
        <table name="email_disposable">
            <column name="id">157</column>
            <column name="domain">mierdamail.com</column>
        </table>
        <table name="email_disposable">
            <column name="id">158</column>
            <column name="domain">mintemail.com</column>
        </table>
        <table name="email_disposable">
            <column name="id">159</column>
            <column name="domain">mjukglass.nu</column>
        </table>
        <table name="email_disposable">
            <column name="id">160</column>
            <column name="domain">mobi.web.id</column>
        </table>
        <table name="email_disposable">
            <column name="id">161</column>
            <column name="domain">moburl.com</column>
        </table>
        <table name="email_disposable">
            <column name="id">162</column>
            <column name="domain">moncourrier.fr.nf</column>
        </table>
        <table name="email_disposable">
            <column name="id">163</column>
            <column name="domain">monemail.fr.nf</column>
        </table>
        <table name="email_disposable">
            <column name="id">164</column>
            <column name="domain">monmail.fr.nf</column>
        </table>
        <table name="email_disposable">
            <column name="id">165</column>
            <column name="domain">mt2009.com</column>
        </table>
        <table name="email_disposable">
            <column name="id">166</column>
            <column name="domain">mx0.wwwnew.eu</column>
        </table>
        <table name="email_disposable">
            <column name="id">167</column>
            <column name="domain">mycleaninbox.net</column>
        </table>
        <table name="email_disposable">
            <column name="id">168</column>
            <column name="domain">myspamless.com</column>
        </table>
        <table name="email_disposable">
            <column name="id">169</column>
            <column name="domain">mytempemail.com</column>
        </table>
        <table name="email_disposable">
            <column name="id">170</column>
            <column name="domain">mytrashmail.com</column>
        </table>
        <table name="email_disposable">
            <column name="id">171</column>
            <column name="domain">netmails.net</column>
        </table>
        <table name="email_disposable">
            <column name="id">172</column>
            <column name="domain">neverbox.com</column>
        </table>
        <table name="email_disposable">
            <column name="id">173</column>
            <column name="domain">no-spam.ws</column>
        </table>
        <table name="email_disposable">
            <column name="id">174</column>
            <column name="domain">nobulk.com</column>
        </table>
        <table name="email_disposable">
            <column name="id">175</column>
            <column name="domain">noclickemail.com</column>
        </table>
        <table name="email_disposable">
            <column name="id">176</column>
            <column name="domain">nogmailspam.info</column>
        </table>
        <table name="email_disposable">
            <column name="id">177</column>
            <column name="domain">nomail.xl.cx</column>
        </table>
        <table name="email_disposable">
            <column name="id">178</column>
            <column name="domain">nomail2me.com</column>
        </table>
        <table name="email_disposable">
            <column name="id">179</column>
            <column name="domain">nospam.ze.tc</column>
        </table>
        <table name="email_disposable">
            <column name="id">180</column>
            <column name="domain">nospam4.us</column>
        </table>
        <table name="email_disposable">
            <column name="id">181</column>
            <column name="domain">nospamfor.us</column>
        </table>
        <table name="email_disposable">
            <column name="id">182</column>
            <column name="domain">nowmymail.com</column>
        </table>
        <table name="email_disposable">
            <column name="id">183</column>
            <column name="domain">objectmail.com</column>
        </table>
        <table name="email_disposable">
            <column name="id">184</column>
            <column name="domain">obobbo.com</column>
        </table>
        <table name="email_disposable">
            <column name="id">185</column>
            <column name="domain">odaymail.com</column>
        </table>
        <table name="email_disposable">
            <column name="id">186</column>
            <column name="domain">onewaymail.com</column>
        </table>
        <table name="email_disposable">
            <column name="id">187</column>
            <column name="domain">ordinaryamerican.net</column>
        </table>
        <table name="email_disposable">
            <column name="id">188</column>
            <column name="domain">owlpic.com</column>
        </table>
        <table name="email_disposable">
            <column name="id">189</column>
            <column name="domain">pookmail.com</column>
        </table>
        <table name="email_disposable">
            <column name="id">190</column>
            <column name="domain">privymail.de</column>
        </table>
        <table name="email_disposable">
            <column name="id">191</column>
            <column name="domain">proxymail.eu</column>
        </table>
        <table name="email_disposable">
            <column name="id">192</column>
            <column name="domain">punkass.com</column>
        </table>
        <table name="email_disposable">
            <column name="id">193</column>
            <column name="domain">putthisinyourspamdatabase.com</column>
        </table>
        <table name="email_disposable">
            <column name="id">194</column>
            <column name="domain">quickinbox.com</column>
        </table>
        <table name="email_disposable">
            <column name="id">195</column>
            <column name="domain">rcpt.at</column>
        </table>
        <table name="email_disposable">
            <column name="id">196</column>
            <column name="domain">recode.me</column>
        </table>
        <table name="email_disposable">
            <column name="id">197</column>
            <column name="domain">recursor.net</column>
        </table>
        <table name="email_disposable">
            <column name="id">198</column>
            <column name="domain">regbypass.comsafe-mail.net</column>
        </table>
        <table name="email_disposable">
            <column name="id">199</column>
            <column name="domain">safetymail.info</column>
        </table>
        <table name="email_disposable">
            <column name="id">200</column>
            <column name="domain">sandelf.de</column>
        </table>
        <table name="email_disposable">
            <column name="id">201</column>
            <column name="domain">saynotospams.com</column>
        </table>
        <table name="email_disposable">
            <column name="id">202</column>
            <column name="domain">selfdestructingmail.com</column>
        </table>
        <table name="email_disposable">
            <column name="id">203</column>
            <column name="domain">sendspamhere.com</column>
        </table>
        <table name="email_disposable">
            <column name="id">204</column>
            <column name="domain">sharklasers.com</column>
        </table>
        <table name="email_disposable">
            <column name="id">205</column>
            <column name="domain">shieldedmail.com</column>
        </table>
        <table name="email_disposable">
            <column name="id">206</column>
            <column name="domain">shiftmail.com</column>
        </table>
        <table name="email_disposable">
            <column name="id">207</column>
            <column name="domain">skeefmail.com</column>
        </table>
        <table name="email_disposable">
            <column name="id">208</column>
            <column name="domain">slopsbox.com</column>
        </table>
        <table name="email_disposable">
            <column name="id">209</column>
            <column name="domain">slushmail.com</column>
        </table>
        <table name="email_disposable">
            <column name="id">210</column>
            <column name="domain">smaakt.naar.gravel</column>
        </table>
        <table name="email_disposable">
            <column name="id">211</column>
            <column name="domain">smellfear.com</column>
        </table>
        <table name="email_disposable">
            <column name="id">212</column>
            <column name="domain">snakemail.com</column>
        </table>
        <table name="email_disposable">
            <column name="id">213</column>
            <column name="domain">sneakemail.com</column>
        </table>
        <table name="email_disposable">
            <column name="id">214</column>
            <column name="domain">sofort-mail.de</column>
        </table>
        <table name="email_disposable">
            <column name="id">215</column>
            <column name="domain">sogetthis.com</column>
        </table>
        <table name="email_disposable">
            <column name="id">216</column>
            <column name="domain">soodonims.com</column>
        </table>
        <table name="email_disposable">
            <column name="id">217</column>
            <column name="domain">spam.la</column>
        </table>
        <table name="email_disposable">
            <column name="id">218</column>
            <column name="domain">spamavert.com</column>
        </table>
        <table name="email_disposable">
            <column name="id">219</column>
            <column name="domain">spambob.net</column>
        </table>
        <table name="email_disposable">
            <column name="id">220</column>
            <column name="domain">spambob.org</column>
        </table>
        <table name="email_disposable">
            <column name="id">221</column>
            <column name="domain">spambog.com</column>
        </table>
        <table name="email_disposable">
            <column name="id">222</column>
            <column name="domain">spambog.de</column>
        </table>
        <table name="email_disposable">
            <column name="id">223</column>
            <column name="domain">spambog.ru</column>
        </table>
        <table name="email_disposable">
            <column name="id">224</column>
            <column name="domain">spambox.info</column>
        </table>
        <table name="email_disposable">
            <column name="id">225</column>
            <column name="domain">spambox.us</column>
        </table>
        <table name="email_disposable">
            <column name="id">226</column>
            <column name="domain">spamcannon.com</column>
        </table>
        <table name="email_disposable">
            <column name="id">227</column>
            <column name="domain">spamcannon.net</column>
        </table>
        <table name="email_disposable">
            <column name="id">228</column>
            <column name="domain">spamcero.com</column>
        </table>
        <table name="email_disposable">
            <column name="id">229</column>
            <column name="domain">spamcorptastic.com</column>
        </table>
        <table name="email_disposable">
            <column name="id">230</column>
            <column name="domain">spamcowboy.com</column>
        </table>
        <table name="email_disposable">
            <column name="id">231</column>
            <column name="domain">spamcowboy.net</column>
        </table>
        <table name="email_disposable">
            <column name="id">232</column>
            <column name="domain">spamcowboy.org</column>
        </table>
        <table name="email_disposable">
            <column name="id">233</column>
            <column name="domain">spamday.com</column>
        </table>
        <table name="email_disposable">
            <column name="id">234</column>
            <column name="domain">spamex.com</column>
        </table>
        <table name="email_disposable">
            <column name="id">235</column>
            <column name="domain">spamfree.eu</column>
        </table>
        <table name="email_disposable">
            <column name="id">236</column>
            <column name="domain">spamfree24.com</column>
        </table>
        <table name="email_disposable">
            <column name="id">237</column>
            <column name="domain">spamfree24.de</column>
        </table>
        <table name="email_disposable">
            <column name="id">238</column>
            <column name="domain">spamfree24.eu</column>
        </table>
        <table name="email_disposable">
            <column name="id">239</column>
            <column name="domain">spamfree24.info</column>
        </table>
        <table name="email_disposable">
            <column name="id">240</column>
            <column name="domain">spamfree24.net</column>
        </table>
        <table name="email_disposable">
            <column name="id">241</column>
            <column name="domain">spamfree24.org</column>
        </table>
        <table name="email_disposable">
            <column name="id">242</column>
            <column name="domain">spamgourmet.com</column>
        </table>
        <table name="email_disposable">
            <column name="id">243</column>
            <column name="domain">spamgourmet.net</column>
        </table>
        <table name="email_disposable">
            <column name="id">244</column>
            <column name="domain">spamgourmet.org</column>
        </table>
        <table name="email_disposable">
            <column name="id">245</column>
            <column name="domain">spamherelots.com</column>
        </table>
        <table name="email_disposable">
            <column name="id">246</column>
            <column name="domain">spamhereplease.com</column>
        </table>
        <table name="email_disposable">
            <column name="id">247</column>
            <column name="domain">spamhole.com</column>
        </table>
        <table name="email_disposable">
            <column name="id">248</column>
            <column name="domain">spamify.com</column>
        </table>
        <table name="email_disposable">
            <column name="id">249</column>
            <column name="domain">spaminator.de</column>
        </table>
        <table name="email_disposable">
            <column name="id">250</column>
            <column name="domain">spamkill.info</column>
        </table>
        <table name="email_disposable">
            <column name="id">251</column>
            <column name="domain">spaml.com</column>
        </table>
        <table name="email_disposable">
            <column name="id">252</column>
            <column name="domain">spaml.de</column>
        </table>
        <table name="email_disposable">
            <column name="id">253</column>
            <column name="domain">spammotel.com</column>
        </table>
        <table name="email_disposable">
            <column name="id">254</column>
            <column name="domain">spamobox.com</column>
        </table>
        <table name="email_disposable">
            <column name="id">255</column>
            <column name="domain">spamspot.com</column>
        </table>
        <table name="email_disposable">
            <column name="id">256</column>
            <column name="domain">spamthis.co.uk</column>
        </table>
        <table name="email_disposable">
            <column name="id">257</column>
            <column name="domain">spamthisplease.com</column>
        </table>
        <table name="email_disposable">
            <column name="id">258</column>
            <column name="domain">speed.1s.fr</column>
        </table>
        <table name="email_disposable">
            <column name="id">259</column>
            <column name="domain">suremail.info</column>
        </table>
        <table name="email_disposable">
            <column name="id">260</column>
            <column name="domain">tempalias.com</column>
        </table>
        <table name="email_disposable">
            <column name="id">261</column>
            <column name="domain">tempe-mail.com</column>
        </table>
        <table name="email_disposable">
            <column name="id">262</column>
            <column name="domain">tempemail.biz</column>
        </table>
        <table name="email_disposable">
            <column name="id">263</column>
            <column name="domain">tempemail.com</column>
        </table>
        <table name="email_disposable">
            <column name="id">264</column>
            <column name="domain">tempemail.net</column>
        </table>
        <table name="email_disposable">
            <column name="id">265</column>
            <column name="domain">tempinbox.co.uk</column>
        </table>
        <table name="email_disposable">
            <column name="id">266</column>
            <column name="domain">tempinbox.com</column>
        </table>
        <table name="email_disposable">
            <column name="id">267</column>
            <column name="domain">tempomail.fr</column>
        </table>
        <table name="email_disposable">
            <column name="id">268</column>
            <column name="domain">temporaryemail.net</column>
        </table>
        <table name="email_disposable">
            <column name="id">269</column>
            <column name="domain">temporaryinbox.com</column>
        </table>
        <table name="email_disposable">
            <column name="id">270</column>
            <column name="domain">tempymail.com</column>
        </table>
        <table name="email_disposable">
            <column name="id">271</column>
            <column name="domain">thankyou2010.com</column>
        </table>
        <table name="email_disposable">
            <column name="id">272</column>
            <column name="domain">thisisnotmyrealemail.com</column>
        </table>
        <table name="email_disposable">
            <column name="id">273</column>
            <column name="domain">throwawayemailaddress.com</column>
        </table>
        <table name="email_disposable">
            <column name="id">274</column>
            <column name="domain">tilien.com</column>
        </table>
        <table name="email_disposable">
            <column name="id">275</column>
            <column name="domain">tmailinator.com</column>
        </table>
        <table name="email_disposable">
            <column name="id">276</column>
            <column name="domain">tradermail.info</column>
        </table>
        <table name="email_disposable">
            <column name="id">277</column>
            <column name="domain">trash-amil.com</column>
        </table>
        <table name="email_disposable">
            <column name="id">278</column>
            <column name="domain">trash-mail.at</column>
        </table>
        <table name="email_disposable">
            <column name="id">279</column>
            <column name="domain">trash-mail.com</column>
        </table>
        <table name="email_disposable">
            <column name="id">280</column>
            <column name="domain">trash-mail.de</column>
        </table>
        <table name="email_disposable">
            <column name="id">281</column>
            <column name="domain">trash2009.com</column>
        </table>
        <table name="email_disposable">
            <column name="id">282</column>
            <column name="domain">trashmail.at</column>
        </table>
        <table name="email_disposable">
            <column name="id">283</column>
            <column name="domain">trashmail.com</column>
        </table>
        <table name="email_disposable">
            <column name="id">284</column>
            <column name="domain">trashmail.me</column>
        </table>
        <table name="email_disposable">
            <column name="id">285</column>
            <column name="domain">trashmail.net</column>
        </table>
        <table name="email_disposable">
            <column name="id">286</column>
            <column name="domain">trashmailer.com</column>
        </table>
        <table name="email_disposable">
            <column name="id">287</column>
            <column name="domain">trashymail.com</column>
        </table>
        <table name="email_disposable">
            <column name="id">288</column>
            <column name="domain">trashymail.net</column>
        </table>
        <table name="email_disposable">
            <column name="id">289</column>
            <column name="domain">trillianpro.com</column>
        </table>
        <table name="email_disposable">
            <column name="id">290</column>
            <column name="domain">tyldd.com</column>
        </table>
        <table name="email_disposable">
            <column name="id">291</column>
            <column name="domain">tyldd.com</column>
        </table>
        <table name="email_disposable">
            <column name="id">292</column>
            <column name="domain">uggsrock.com</column>
        </table>
        <table name="email_disposable">
            <column name="id">293</column>
            <column name="domain">wegwerfmail.de</column>
        </table>
        <table name="email_disposable">
            <column name="id">294</column>
            <column name="domain">wegwerfmail.net</column>
        </table>
        <table name="email_disposable">
            <column name="id">295</column>
            <column name="domain">wegwerfmail.org</column>
        </table>
        <table name="email_disposable">
            <column name="id">296</column>
            <column name="domain">wh4f.org</column>
        </table>
        <table name="email_disposable">
            <column name="id">297</column>
            <column name="domain">whyspam.me</column>
        </table>
        <table name="email_disposable">
            <column name="id">298</column>
            <column name="domain">willselfdestruct.com</column>
        </table>
        <table name="email_disposable">
            <column name="id">299</column>
            <column name="domain">winemaven.info</column>
        </table>
        <table name="email_disposable">
            <column name="id">300</column>
            <column name="domain">wronghead.com</column>
        </table>
        <table name="email_disposable">
            <column name="id">301</column>
            <column name="domain">wuzupmail.net</column>
        </table>
        <table name="email_disposable">
            <column name="id">302</column>
            <column name="domain">xoxy.net</column>
        </table>
        <table name="email_disposable">
            <column name="id">303</column>
            <column name="domain">yogamaven.com</column>
        </table>
        <table name="email_disposable">
            <column name="id">304</column>
            <column name="domain">yopmail.com</column>
        </table>
        <table name="email_disposable">
            <column name="id">305</column>
            <column name="domain">yopmail.fr</column>
        </table>
        <table name="email_disposable">
            <column name="id">306</column>
            <column name="domain">yopmail.net</column>
        </table>
        <table name="email_disposable">
            <column name="id">307</column>
            <column name="domain">yuurok.com</column>
        </table>
        <table name="email_disposable">
            <column name="id">308</column>
            <column name="domain">zippymail.info</column>
        </table>
        <table name="email_disposable">
            <column name="id">309</column>
            <column name="domain">zoemail.com</column>
        </table>
    </database>
</pma_xml_export>